Neighborhood,Price,Bedrooms,Bathrooms,House Size,Description,Neighborhood Description
Green Oaks,"$800,000",3,2,"2,000 sqft","Welcome to this eco-friendly oasis nestled in the heart of Green Oaks. This charming 3-bedroom, 2-bathroom home boasts energy-efficient features such as solar panels and a well-insulated structure. Natural light floods the living spaces, highlighting the beautiful hardwood floors and eco-conscious finishes. The open-concept kitchen and dining area lead to a spacious backyard with a vegetable garden, perfect for the eco-conscious family.","Green Oaks is a close-knit, environmentally-conscious community with access to organic grocery stores, community gardens, and bike paths. Take a stroll through the nearby Green Oaks Park or grab a cup of coffee at the cozy Green Bean Cafe. With easy access to public transportation and bike lanes, commuting is a breeze."
Lakefront Paradise,"$1,200,000",4,3,"3,500 sqft","Escape to this luxurious lakefront paradise featuring 4 bedrooms, 3 bathrooms, and breathtaking views of the crystal-clear water. The spacious open-concept living area opens up to a large deck, perfect for entertaining friends and family. Enjoy fishing, swimming, and boating right from your backyard.","Located in a serene lakefront community, this property offers peace and tranquility away from the hustle and bustle of city life. Explore hiking trails, waterfalls, and wildlife in the surrounding natural beauty."
Boho Hideaway,"$500,000",2,1,"1,200 sqft","Step into this bohemian-style hideaway with 2 bedrooms, 1 bathroom, and a cozy living space adorned with colorful textiles and unique decor. The outdoor patio is perfect for enjoying morning coffee or evening cocktails surrounded by lush tropical foliage.","Located in a trendy boho neighborhood, this property is within walking distance to artisan shops, cafes, and live music venues. Embrace the artistic and free-spirited vibe of the area."
Urban Loft,"$700,000",1,1,"1,000 sqft","Experience city living at its finest in this modern urban loft featuring 1 bedroom, 1 bathroom, and exposed brick walls. The industrial-chic design and high ceilings create a spacious and stylish atmosphere perfect for downtown living.","Located in the heart of the bustling city center, this property offers easy access to trendy restaurants, art galleries, and nightlife hotspots. Enjoy the convenience of urban living with shopping, entertainment, and transportation just steps away."
Luxury Condo,"$1,500,000",3,3,"2,500 sqft","Indulge in luxury living in this spacious condo with 3 bedrooms, 3 bathrooms, and high-end finishes throughout. The wrap-around balcony offers panoramic views of the city skyline and ocean, perfect for watching the sunset in style.","Situated in an exclusive high-rise building, this property provides resort-style amenities such as a pool, gym, and concierge services. Experience the ultimate in comfort and convenience in this prestigious urban location."
Chic Studio,"$300,000",0,1,500 sqft,"Live in style in this chic studio apartment featuring an open layout, designer furnishings, and a sleek kitchenette. The large windows provide plenty of natural light and views of the vibrant city below.","Located in a trendy downtown area, this studio is within walking distance to hip cafes, boutiques, and art galleries. Embrace the urban lifestyle and cultural scene of the bustling city center."
Downtown Penthouse,"$2,000,000",4,4,"3,000 sqft","Elevate your living experience in this stunning downtown penthouse with 4 bedrooms, 4 bathrooms, and luxurious amenities. The private rooftop terrace offers sweeping views of the city skyline and mountains, perfect for hosting glamorous events.","Located in the heart of the vibrant downtown district, this penthouse provides easy access to top-rated restaurants, upscale shopping, and cultural attractions. Enjoy the sophistication and convenience of downtown living at its finest."
Historic Colonial Mansion,"$1,800,000",6,5,"4,500 sqft","Step back in time in this majestic colonial mansion featuring 6 bedrooms, 5 bathrooms, and exquisite architectural details. The grand courtyard and lush garden offer a tranquil retreat from the modern world, perfect for hosting elegant gatherings.","Located in a historic district, this mansion is surrounded by cobblestone streets, charming cafes, and cultural landmarks. Immerse yourself in the rich history and colonial charm of this enchanting neighborhood."
Beachfront Villa,"$2,500,000",5,4,"5,000 sqft","Escape to paradise in this luxurious beachfront villa with 5 bedrooms, 4 bathrooms, and private access to the sandy shores. The infinity pool, outdoor kitchen, and spacious verandas provide the ultimate tropical living experience.","Located in a prestigious beachfront community, this villa offers exclusive access to pristine beaches, water activities, and upscale dining options. Enjoy the laid-back lifestyle and breathtaking ocean views."
Mountain Retreat,"$900,000",4,3,"2,800 sqft","Discover serenity in this mountain retreat featuring 4 bedrooms, 3 bathrooms, and scenic views of the surrounding peaks. The cozy fireplace, hot tub, and outdoor deck create a peaceful escape for relaxation and rejuvenation.","Located in a tranquil mountainous area, this property offers hiking trails, wildlife sightings, and fresh mountain air. Embrace the beauty and tranquility of nature in this idyllic mountain retreat."
